"transaction_id","customer_id","category","item","price_per_unit","quantity","total_spent","payment_method","location","transaction_date","discount_applied","recover_total_spent","recover_quantity","recover_price_per_unit"
"TXN_7482416","CUST_09","Patisserie",NA,NA,10,200,"Credit Card","Online",2023-11-30,NA,FALSE,FALSE,TRUE
"TXN_5422631","CUST_09","Milk Products",NA,NA,8,52,"Digital Wallet","In-store",2025-01-12,TRUE,FALSE,FALSE,TRUE
"TXN_9634894","CUST_15","Milk Products",NA,NA,10,275,"Digital Wallet","Online",2022-04-17,NA,FALSE,FALSE,TRUE
"TXN_8685338","CUST_15","Milk Products",NA,NA,3,105,"Credit Card","In-store",2023-10-29,NA,FALSE,FALSE,TRUE
"TXN_1543244","CUST_20","Food",NA,NA,8,196,"Credit Card","Online",2024-10-25,TRUE,FALSE,FALSE,TRUE
"TXN_4608122","CUST_21","Butchers",NA,NA,10,275,"Digital Wallet","Online",2022-10-01,FALSE,FALSE,FALSE,TRUE
"TXN_3822751","CUST_21","Butchers",NA,NA,9,126,"Digital Wallet","In-store",2024-03-04,FALSE,FALSE,FALSE,TRUE
"TXN_7804271","CUST_22","Patisserie",NA,NA,8,40,"Cash","Online",2023-02-10,NA,FALSE,FALSE,TRUE
"TXN_3433195","CUST_24","Electric household essentials",NA,NA,7,150.5,"Cash","Online",2023-03-30,NA,FALSE,FALSE,TRUE
"TXN_7571093","CUST_17","Milk Products",NA,NA,9,99,"Digital Wallet","In-store",2022-11-18,NA,FALSE,FALSE,TRUE
"TXN_9469962","CUST_08","Beverages",NA,NA,6,48,"Cash","Online",2024-02-26,FALSE,FALSE,FALSE,TRUE
"TXN_5911306","CUST_21","Milk Products",NA,NA,8,268,"Digital Wallet","Online",2022-10-10,TRUE,FALSE,FALSE,TRUE
"TXN_7043807","CUST_24","Furniture",NA,NA,7,182,"Digital Wallet","In-store",2022-02-07,NA,FALSE,FALSE,TRUE
"TXN_2218629","CUST_10","Computers and electric accessories",NA,NA,3,96,"Credit Card","Online",2022-03-21,FALSE,FALSE,FALSE,TRUE
"TXN_8348586","CUST_03","Electric household essentials",NA,NA,8,220,"Credit Card","Online",2022-08-12,NA,FALSE,FALSE,TRUE
"TXN_2687566","CUST_19","Furniture",NA,NA,1,27.5,"Credit Card","Online",2022-03-21,FALSE,FALSE,FALSE,TRUE
"TXN_5361643","CUST_19","Food",NA,NA,2,46,"Digital Wallet","Online",2023-12-19,NA,FALSE,FALSE,TRUE
"TXN_4897743","CUST_01","Food",NA,NA,9,193.5,"Credit Card","In-store",2024-03-18,NA,FALSE,FALSE,TRUE
"TXN_1565398","CUST_25","Food",NA,NA,8,148,"Credit Card","In-store",2022-06-15,NA,FALSE,FALSE,TRUE
"TXN_9917843","CUST_11","Milk Products",NA,NA,10,95,"Digital Wallet","Online",2024-03-04,TRUE,FALSE,FALSE,TRUE
"TXN_4298975","CUST_22","Milk Products",NA,NA,2,61,"Digital Wallet","Online",2023-12-18,FALSE,FALSE,FALSE,TRUE
"TXN_1285469","CUST_20","Electric household essentials",NA,NA,7,108.5,"Digital Wallet","Online",2022-06-17,FALSE,FALSE,FALSE,TRUE
"TXN_6586324","CUST_15","Butchers",NA,NA,6,183,"Digital Wallet","In-store",2024-05-08,NA,FALSE,FALSE,TRUE
"TXN_8177929","CUST_12","Furniture",NA,NA,2,76,"Credit Card","Online",2022-06-12,TRUE,FALSE,FALSE,TRUE
"TXN_7555309","CUST_12","Beverages",NA,NA,5,107.5,"Credit Card","Online",2022-07-15,TRUE,FALSE,FALSE,TRUE
"TXN_7101302","CUST_16","Beverages",NA,NA,1,33.5,"Cash","In-store",2024-10-24,TRUE,FALSE,FALSE,TRUE
"TXN_8935391","CUST_16","Milk Products",NA,NA,1,27.5,"Credit Card","Online",2022-09-06,TRUE,FALSE,FALSE,TRUE
"TXN_2028333","CUST_18","Milk Products",NA,NA,4,110,"Digital Wallet","In-store",2024-07-28,TRUE,FALSE,FALSE,TRUE
"TXN_5476798","CUST_02","Butchers",NA,NA,10,380,"Digital Wallet","Online",2022-10-07,FALSE,FALSE,FALSE,TRUE
"TXN_5849098","CUST_16","Furniture",NA,NA,3,105,"Cash","Online",2024-06-23,FALSE,FALSE,FALSE,TRUE
"TXN_3010762","CUST_24","Furniture",NA,NA,2,10,"Digital Wallet","In-store",2023-07-14,TRUE,FALSE,FALSE,TRUE
"TXN_1972761","CUST_23","Patisserie",NA,NA,10,80,"Credit Card","In-store",2024-10-24,NA,FALSE,FALSE,TRUE
"TXN_8487838","CUST_18","Computers and electric accessories",NA,NA,4,44,"Digital Wallet","Online",2023-02-04,NA,FALSE,FALSE,TRUE
"TXN_4445756","CUST_15","Patisserie",NA,NA,4,164,"Credit Card","In-store",2023-10-26,NA,FALSE,FALSE,TRUE
"TXN_6857566","CUST_23","Computers and electric accessories",NA,NA,2,46,"Credit Card","In-store",2024-03-14,TRUE,FALSE,FALSE,TRUE
"TXN_8624505","CUST_19","Food",NA,NA,9,207,"Cash","In-store",2023-09-15,TRUE,FALSE,FALSE,TRUE
"TXN_2843259","CUST_24","Patisserie",NA,NA,1,27.5,"Digital Wallet","In-store",2023-03-25,TRUE,FALSE,FALSE,TRUE
"TXN_3278532","CUST_07","Furniture",NA,NA,9,247.5,"Cash","In-store",2025-01-12,FALSE,FALSE,FALSE,TRUE
"TXN_3512388","CUST_14","Furniture",NA,NA,10,110,"Digital Wallet","In-store",2024-03-30,NA,FALSE,FALSE,TRUE
"TXN_8905154","CUST_09","Butchers",NA,NA,5,115,"Credit Card","In-store",2022-10-24,NA,FALSE,FALSE,TRUE
"TXN_2031813","CUST_12","Butchers",NA,NA,1,6.5,"Credit Card","Online",2024-07-11,TRUE,FALSE,FALSE,TRUE
"TXN_1096977","CUST_07","Food",NA,NA,9,207,"Cash","In-store",2024-12-07,FALSE,FALSE,FALSE,TRUE
"TXN_9017628","CUST_19","Food",NA,NA,5,55,"Credit Card","In-store",2022-10-10,FALSE,FALSE,FALSE,TRUE
"TXN_7109246","CUST_04","Butchers",NA,NA,8,64,"Cash","Online",2022-03-11,FALSE,FALSE,FALSE,TRUE
"TXN_5616762","CUST_04","Butchers",NA,NA,8,172,"Credit Card","Online",2022-01-24,TRUE,FALSE,FALSE,TRUE
"TXN_8322817","CUST_23","Patisserie",NA,NA,8,304,"Digital Wallet","In-store",2022-06-15,NA,FALSE,FALSE,TRUE
"TXN_8914114","CUST_16","Milk Products",NA,NA,8,112,"Digital Wallet","In-store",2023-09-22,TRUE,FALSE,FALSE,TRUE
"TXN_2090456","CUST_05","Butchers",NA,NA,10,395,"Cash","In-store",2023-12-15,TRUE,FALSE,FALSE,TRUE
"TXN_8454077","CUST_11","Computers and electric accessories",NA,NA,2,16,"Cash","Online",2023-02-15,TRUE,FALSE,FALSE,TRUE
"TXN_4614873","CUST_03","Furniture",NA,NA,9,234,"Cash","Online",2023-07-29,FALSE,FALSE,FALSE,TRUE
"TXN_5006011","CUST_10","Butchers",NA,NA,8,280,"Cash","In-store",2022-01-11,NA,FALSE,FALSE,TRUE
"TXN_5431616","CUST_17","Furniture",NA,NA,1,15.5,"Cash","In-store",2024-11-26,FALSE,FALSE,FALSE,TRUE
"TXN_6471352","CUST_17","Beverages",NA,NA,4,80,"Cash","Online",2025-01-05,FALSE,FALSE,FALSE,TRUE
"TXN_6308565","CUST_19","Computers and electric accessories",NA,NA,4,44,"Credit Card","Online",2024-02-10,FALSE,FALSE,FALSE,TRUE
"TXN_8954821","CUST_14","Milk Products",NA,NA,9,45,"Digital Wallet","In-store",2024-06-12,NA,FALSE,FALSE,TRUE
"TXN_2897310","CUST_19","Butchers",NA,NA,9,261,"Digital Wallet","In-store",2023-06-25,FALSE,FALSE,FALSE,TRUE
"TXN_2949356","CUST_17","Beverages",NA,NA,8,316,"Digital Wallet","Online",2022-08-01,FALSE,FALSE,FALSE,TRUE
"TXN_1871707","CUST_10","Electric household essentials",NA,NA,1,33.5,"Digital Wallet","In-store",2022-04-01,FALSE,FALSE,FALSE,TRUE
"TXN_8221101","CUST_18","Patisserie",NA,NA,6,228,"Digital Wallet","In-store",2022-02-09,TRUE,FALSE,FALSE,TRUE
"TXN_8508332","CUST_13","Milk Products",NA,NA,10,80,"Digital Wallet","In-store",2022-06-23,NA,FALSE,FALSE,TRUE
"TXN_3784837","CUST_16","Butchers",NA,NA,1,38,"Credit Card","Online",2024-06-06,FALSE,FALSE,FALSE,TRUE
"TXN_1792761","CUST_11","Food",NA,NA,7,77,"Digital Wallet","Online",2022-01-26,NA,FALSE,FALSE,TRUE
"TXN_6103372","CUST_23","Food",NA,NA,3,69,"Credit Card","Online",2024-10-08,TRUE,FALSE,FALSE,TRUE
"TXN_4417302","CUST_11","Butchers",NA,NA,9,234,"Credit Card","Online",2024-09-05,FALSE,FALSE,FALSE,TRUE
"TXN_3394201","CUST_17","Computers and electric accessories",NA,NA,8,256,"Cash","Online",2024-11-04,NA,FALSE,FALSE,TRUE
"TXN_2227872","CUST_03","Furniture",NA,NA,7,276.5,"Digital Wallet","In-store",2024-05-27,TRUE,FALSE,FALSE,TRUE
"TXN_9285106","CUST_23","Computers and electric accessories",NA,NA,10,335,"Credit Card","In-store",2024-06-18,TRUE,FALSE,FALSE,TRUE
"TXN_3019913","CUST_18","Milk Products",NA,NA,10,125,"Cash","Online",2024-02-16,TRUE,FALSE,FALSE,TRUE
"TXN_5136594","CUST_14","Patisserie",NA,NA,7,213.5,"Credit Card","In-store",2022-03-23,FALSE,FALSE,FALSE,TRUE
"TXN_8831517","CUST_08","Computers and electric accessories",NA,NA,1,33.5,"Cash","In-store",2022-04-21,TRUE,FALSE,FALSE,TRUE
"TXN_5315119","CUST_10","Patisserie",NA,NA,3,28.5,"Digital Wallet","Online",2024-09-01,NA,FALSE,FALSE,TRUE
"TXN_7470621","CUST_02","Electric household essentials",NA,NA,3,100.5,"Cash","Online",2024-04-20,TRUE,FALSE,FALSE,TRUE
"TXN_4036118","CUST_06","Furniture",NA,NA,6,228,"Cash","In-store",2023-01-28,NA,FALSE,FALSE,TRUE
"TXN_3133019","CUST_21","Furniture",NA,NA,9,139.5,"Digital Wallet","Online",2024-01-01,TRUE,FALSE,FALSE,TRUE
"TXN_7349203","CUST_13","Butchers",NA,NA,9,112.5,"Cash","In-store",2024-03-08,TRUE,FALSE,FALSE,TRUE
"TXN_2911719","CUST_02","Computers and electric accessories",NA,NA,4,56,"Cash","Online",2024-06-06,TRUE,FALSE,FALSE,TRUE
"TXN_7920383","CUST_15","Computers and electric accessories",NA,NA,4,110,"Cash","In-store",2023-12-24,TRUE,FALSE,FALSE,TRUE
"TXN_1396754","CUST_18","Milk Products",NA,NA,4,62,"Digital Wallet","In-store",2022-05-07,TRUE,FALSE,FALSE,TRUE
"TXN_2049510","CUST_20","Beverages",NA,NA,1,20,"Digital Wallet","In-store",2024-09-04,FALSE,FALSE,FALSE,TRUE
"TXN_4850024","CUST_01","Milk Products",NA,NA,1,15.5,"Cash","Online",2022-09-30,TRUE,FALSE,FALSE,TRUE
"TXN_7978551","CUST_20","Beverages",NA,NA,9,315,"Digital Wallet","Online",2023-02-12,TRUE,FALSE,FALSE,TRUE
"TXN_5386745","CUST_01","Patisserie",NA,NA,8,124,"Credit Card","In-store",2024-01-21,TRUE,FALSE,FALSE,TRUE
"TXN_3745950","CUST_11","Butchers",NA,NA,7,98,"Digital Wallet","In-store",2022-08-08,TRUE,FALSE,FALSE,TRUE
"TXN_4046056","CUST_09","Electric household essentials",NA,NA,5,182.5,"Credit Card","In-store",2024-02-04,NA,FALSE,FALSE,TRUE
"TXN_9315594","CUST_25","Butchers",NA,NA,2,46,"Credit Card","In-store",2024-07-22,FALSE,FALSE,FALSE,TRUE
"TXN_9569469","CUST_08","Beverages",NA,NA,8,328,"Digital Wallet","Online",2024-02-12,NA,FALSE,FALSE,TRUE
"TXN_8023340","CUST_14","Butchers",NA,NA,8,292,"Cash","Online",2023-10-04,TRUE,FALSE,FALSE,TRUE
"TXN_5690221","CUST_06","Food",NA,NA,1,36.5,"Digital Wallet","In-store",2022-10-06,TRUE,FALSE,FALSE,TRUE
"TXN_8624218","CUST_16","Beverages",NA,NA,8,160,"Cash","Online",2022-08-03,FALSE,FALSE,FALSE,TRUE
"TXN_7869463","CUST_14","Computers and electric accessories",NA,NA,8,232,"Credit Card","Online",2023-03-11,FALSE,FALSE,FALSE,TRUE
"TXN_1007496","CUST_01","Butchers",NA,NA,10,155,"Credit Card","Online",2024-02-05,TRUE,FALSE,FALSE,TRUE
"TXN_2092827","CUST_25","Milk Products",NA,NA,1,30.5,"Digital Wallet","Online",2023-10-01,FALSE,FALSE,FALSE,TRUE
"TXN_1818683","CUST_10","Milk Products",NA,NA,5,25,"Credit Card","In-store",2022-07-12,NA,FALSE,FALSE,TRUE
"TXN_4887526","CUST_01","Patisserie",NA,NA,3,19.5,"Cash","In-store",2023-03-03,FALSE,FALSE,FALSE,TRUE
"TXN_2292675","CUST_22","Furniture",NA,NA,1,6.5,"Digital Wallet","Online",2024-06-23,NA,FALSE,FALSE,TRUE
"TXN_2511487","CUST_24","Computers and electric accessories",NA,NA,10,320,"Credit Card","Online",2024-01-05,TRUE,FALSE,FALSE,TRUE
"TXN_2232017","CUST_11","Food",NA,NA,8,184,"Cash","In-store",2023-04-18,TRUE,FALSE,FALSE,TRUE
"TXN_5513567","CUST_06","Computers and electric accessories",NA,NA,10,185,"Digital Wallet","Online",2022-10-13,NA,FALSE,FALSE,TRUE
"TXN_5664358","CUST_07","Computers and electric accessories",NA,NA,1,35,"Credit Card","Online",2022-01-04,FALSE,FALSE,FALSE,TRUE
"TXN_1505937","CUST_06","Electric household essentials",NA,NA,1,29,"Digital Wallet","Online",2023-06-04,FALSE,FALSE,FALSE,TRUE
"TXN_4114556","CUST_21","Patisserie",NA,NA,3,46.5,"Cash","Online",2023-02-26,FALSE,FALSE,FALSE,TRUE
"TXN_8233871","CUST_04","Furniture",NA,NA,9,315,"Digital Wallet","In-store",2023-07-19,TRUE,FALSE,FALSE,TRUE
"TXN_5338814","CUST_06","Milk Products",NA,NA,10,410,"Digital Wallet","Online",2023-03-13,FALSE,FALSE,FALSE,TRUE
"TXN_1892483","CUST_22","Milk Products",NA,NA,9,234,"Cash","Online",2023-08-31,TRUE,FALSE,FALSE,TRUE
"TXN_1943695","CUST_09","Milk Products",NA,NA,8,256,"Credit Card","In-store",2023-04-04,FALSE,FALSE,FALSE,TRUE
"TXN_6609828","CUST_07","Food",NA,NA,5,40,"Credit Card","Online",2022-04-06,NA,FALSE,FALSE,TRUE
"TXN_9099328","CUST_12","Electric household essentials",NA,NA,10,380,"Digital Wallet","In-store",2023-02-28,NA,FALSE,FALSE,TRUE
"TXN_8006993","CUST_05","Butchers",NA,NA,6,156,"Digital Wallet","In-store",2024-09-13,TRUE,FALSE,FALSE,TRUE
"TXN_3203228","CUST_09","Milk Products",NA,NA,1,39.5,"Digital Wallet","In-store",2023-01-23,TRUE,FALSE,FALSE,TRUE
"TXN_3661483","CUST_02","Butchers",NA,NA,4,110,"Cash","In-store",2022-01-20,NA,FALSE,FALSE,TRUE
"TXN_9551621","CUST_16","Electric household essentials",NA,NA,4,146,"Credit Card","In-store",2023-03-21,TRUE,FALSE,FALSE,TRUE
"TXN_1137542","CUST_21","Electric household essentials",NA,NA,1,11,"Credit Card","In-store",2023-06-29,NA,FALSE,FALSE,TRUE
"TXN_4205609","CUST_16","Electric household essentials",NA,NA,8,280,"Digital Wallet","In-store",2022-01-28,NA,FALSE,FALSE,TRUE
"TXN_4123109","CUST_24","Beverages",NA,NA,2,19,"Digital Wallet","In-store",2025-01-12,TRUE,FALSE,FALSE,TRUE
"TXN_2245624","CUST_12","Computers and electric accessories",NA,NA,4,62,"Cash","Online",2022-07-10,FALSE,FALSE,FALSE,TRUE
"TXN_4028997","CUST_03","Patisserie",NA,NA,5,122.5,"Cash","In-store",2022-04-24,FALSE,FALSE,FALSE,TRUE
"TXN_3130278","CUST_01","Computers and electric accessories",NA,NA,8,304,"Credit Card","Online",2022-12-23,NA,FALSE,FALSE,TRUE
"TXN_4640422","CUST_05","Milk Products",NA,NA,3,60,"Credit Card","In-store",2023-03-22,TRUE,FALSE,FALSE,TRUE
"TXN_2442204","CUST_13","Milk Products",NA,NA,9,45,"Credit Card","Online",2024-07-06,FALSE,FALSE,FALSE,TRUE
"TXN_4383900","CUST_23","Food",NA,NA,1,41,"Cash","Online",2024-07-23,TRUE,FALSE,FALSE,TRUE
"TXN_2589028","CUST_16","Computers and electric accessories",NA,NA,2,76,"Digital Wallet","Online",2022-06-05,TRUE,FALSE,FALSE,TRUE
"TXN_3347015","CUST_24","Furniture",NA,NA,7,266,"Credit Card","Online",2024-08-25,FALSE,FALSE,FALSE,TRUE
"TXN_6590458","CUST_21","Beverages",NA,NA,2,16,"Cash","In-store",2024-01-29,TRUE,FALSE,FALSE,TRUE
"TXN_2434339","CUST_01","Beverages",NA,NA,9,180,"Credit Card","Online",2022-05-19,NA,FALSE,FALSE,TRUE
"TXN_5518537","CUST_19","Food",NA,NA,1,11,"Cash","In-store",2023-02-08,NA,FALSE,FALSE,TRUE
"TXN_3729060","CUST_07","Patisserie",NA,NA,6,228,"Digital Wallet","Online",2022-07-20,NA,FALSE,FALSE,TRUE
"TXN_3122781","CUST_09","Butchers",NA,NA,7,108.5,"Digital Wallet","In-store",2023-07-21,NA,FALSE,FALSE,TRUE
"TXN_2810459","CUST_09","Computers and electric accessories",NA,NA,1,24.5,"Cash","In-store",2022-04-19,NA,FALSE,FALSE,TRUE
"TXN_1432445","CUST_01","Food",NA,NA,9,180,"Cash","In-store",2023-08-01,NA,FALSE,FALSE,TRUE
"TXN_3813656","CUST_02","Beverages",NA,NA,1,27.5,"Credit Card","In-store",2022-09-01,FALSE,FALSE,FALSE,TRUE
"TXN_9291336","CUST_19","Electric household essentials",NA,NA,10,380,"Digital Wallet","In-store",2022-12-10,TRUE,FALSE,FALSE,TRUE
"TXN_3247249","CUST_10","Milk Products",NA,NA,7,276.5,"Digital Wallet","Online",2023-01-13,NA,FALSE,FALSE,TRUE
"TXN_3419658","CUST_02","Patisserie",NA,NA,9,220.5,"Digital Wallet","In-store",2023-07-06,NA,FALSE,FALSE,TRUE
"TXN_9957512","CUST_21","Milk Products",NA,NA,5,160,"Digital Wallet","Online",2025-01-14,NA,FALSE,FALSE,TRUE
"TXN_9082199","CUST_09","Beverages",NA,NA,9,220.5,"Digital Wallet","In-store",2024-09-02,FALSE,FALSE,FALSE,TRUE
"TXN_8947708","CUST_04","Butchers",NA,NA,2,22,"Cash","In-store",2023-03-20,NA,FALSE,FALSE,TRUE
"TXN_4554250","CUST_23","Furniture",NA,NA,6,246,"Credit Card","In-store",2022-10-19,FALSE,FALSE,FALSE,TRUE
"TXN_1236974","CUST_01","Beverages",NA,NA,8,76,"Cash","Online",2023-04-21,FALSE,FALSE,FALSE,TRUE
"TXN_6048384","CUST_07","Butchers",NA,NA,4,164,"Cash","Online",2022-05-19,NA,FALSE,FALSE,TRUE
"TXN_9080551","CUST_21","Beverages",NA,NA,2,28,"Digital Wallet","Online",2022-07-21,FALSE,FALSE,FALSE,TRUE
"TXN_8373559","CUST_23","Computers and electric accessories",NA,NA,3,51,"Digital Wallet","Online",2022-11-19,FALSE,FALSE,FALSE,TRUE
"TXN_6688533","CUST_16","Computers and electric accessories",NA,NA,1,35,"Digital Wallet","Online",2023-11-09,NA,FALSE,FALSE,TRUE
"TXN_5601162","CUST_22","Computers and electric accessories",NA,NA,1,26,"Cash","In-store",2022-01-26,TRUE,FALSE,FALSE,TRUE
"TXN_5807928","CUST_08","Butchers",NA,NA,9,180,"Cash","Online",2024-11-08,TRUE,FALSE,FALSE,TRUE
"TXN_3748574","CUST_17","Milk Products",NA,NA,5,152.5,"Credit Card","Online",2022-03-30,FALSE,FALSE,FALSE,TRUE
"TXN_4602911","CUST_13","Milk Products",NA,NA,7,56,"Credit Card","In-store",2023-07-17,FALSE,FALSE,FALSE,TRUE
"TXN_2848709","CUST_23","Beverages",NA,NA,10,350,"Credit Card","Online",2022-07-31,NA,FALSE,FALSE,TRUE
"TXN_2850753","CUST_16","Patisserie",NA,NA,4,128,"Cash","In-store",2024-01-10,NA,FALSE,FALSE,TRUE
"TXN_3489467","CUST_23","Computers and electric accessories",NA,NA,7,150.5,"Credit Card","In-store",2023-10-15,TRUE,FALSE,FALSE,TRUE
"TXN_2756540","CUST_21","Milk Products",NA,NA,1,27.5,"Credit Card","Online",2023-05-09,TRUE,FALSE,FALSE,TRUE
"TXN_9102221","CUST_13","Furniture",NA,NA,2,76,"Digital Wallet","In-store",2023-02-13,NA,FALSE,FALSE,TRUE
"TXN_5895413","CUST_21","Patisserie",NA,NA,2,67,"Digital Wallet","In-store",2024-04-29,NA,FALSE,FALSE,TRUE
"TXN_7982451","CUST_22","Food",NA,NA,8,172,"Digital Wallet","Online",2023-10-18,TRUE,FALSE,FALSE,TRUE
"TXN_2904039","CUST_22","Butchers",NA,NA,4,152,"Credit Card","Online",2023-08-11,NA,FALSE,FALSE,TRUE
"TXN_2522970","CUST_18","Electric household essentials",NA,NA,6,192,"Digital Wallet","In-store",2024-04-25,FALSE,FALSE,FALSE,TRUE
"TXN_8717697","CUST_20","Furniture",NA,NA,6,120,"Cash","In-store",2024-05-21,FALSE,FALSE,FALSE,TRUE
"TXN_5650070","CUST_21","Beverages",NA,NA,6,165,"Cash","In-store",2022-07-11,TRUE,FALSE,FALSE,TRUE
"TXN_8087160","CUST_08","Butchers",NA,NA,5,152.5,"Cash","Online",2024-01-26,NA,FALSE,FALSE,TRUE
"TXN_5773308","CUST_07","Furniture",NA,NA,5,85,"Credit Card","Online",2024-01-01,TRUE,FALSE,FALSE,TRUE
"TXN_5802934","CUST_23","Milk Products",NA,NA,9,288,"Cash","Online",2022-01-25,TRUE,FALSE,FALSE,TRUE
"TXN_3214105","CUST_23","Furniture",NA,NA,9,112.5,"Digital Wallet","Online",2024-07-05,TRUE,FALSE,FALSE,TRUE
"TXN_6702252","CUST_23","Food",NA,NA,4,122,"Digital Wallet","Online",2024-09-11,FALSE,FALSE,FALSE,TRUE
"TXN_6600756","CUST_18","Food",NA,NA,7,171.5,"Cash","In-store",2023-05-19,NA,FALSE,FALSE,TRUE
"TXN_3216751","CUST_17","Patisserie",NA,NA,10,290,"Cash","In-store",2024-03-10,FALSE,FALSE,FALSE,TRUE
"TXN_5965620","CUST_23","Furniture",NA,NA,4,44,"Credit Card","In-store",2022-06-13,FALSE,FALSE,FALSE,TRUE
"TXN_1482356","CUST_01","Patisserie",NA,NA,7,119,"Digital Wallet","In-store",2022-10-24,NA,FALSE,FALSE,TRUE
"TXN_5730630","CUST_25","Milk Products",NA,NA,5,32.5,"Digital Wallet","In-store",2023-12-04,TRUE,FALSE,FALSE,TRUE
"TXN_9438432","CUST_04","Electric household essentials",NA,NA,2,34,"Digital Wallet","Online",2024-06-26,FALSE,FALSE,FALSE,TRUE
"TXN_1972506","CUST_09","Computers and electric accessories",NA,NA,8,100,"Cash","Online",2024-12-14,NA,FALSE,FALSE,TRUE
"TXN_5789870","CUST_23","Butchers",NA,NA,6,156,"Credit Card","In-store",2023-11-23,FALSE,FALSE,FALSE,TRUE
"TXN_8171410","CUST_18","Electric household essentials",NA,NA,8,148,"Digital Wallet","In-store",2023-12-21,FALSE,FALSE,FALSE,TRUE
"TXN_7984930","CUST_23","Food",NA,NA,9,112.5,"Cash","In-store",2022-09-01,TRUE,FALSE,FALSE,TRUE
"TXN_9648976","CUST_09","Food",NA,NA,9,301.5,"Cash","In-store",2024-09-26,FALSE,FALSE,FALSE,TRUE
"TXN_1208768","CUST_24","Beverages",NA,NA,2,28,"Cash","Online",2023-02-28,NA,FALSE,FALSE,TRUE
"TXN_9835299","CUST_04","Electric household essentials",NA,NA,2,46,"Digital Wallet","In-store",2022-11-12,NA,FALSE,FALSE,TRUE
"TXN_3435432","CUST_14","Electric household essentials",NA,NA,7,150.5,"Digital Wallet","Online",2022-07-14,NA,FALSE,FALSE,TRUE
"TXN_2090388","CUST_10","Patisserie",NA,NA,7,255.5,"Digital Wallet","In-store",2023-11-26,TRUE,FALSE,FALSE,TRUE
"TXN_6842216","CUST_10","Butchers",NA,NA,6,219,"Cash","Online",2022-01-25,FALSE,FALSE,FALSE,TRUE
"TXN_9896915","CUST_22","Beverages",NA,NA,7,45.5,"Digital Wallet","In-store",2024-04-29,FALSE,FALSE,FALSE,TRUE
"TXN_6106136","CUST_07","Furniture",NA,NA,9,58.5,"Credit Card","In-store",2024-02-03,FALSE,FALSE,FALSE,TRUE
"TXN_4246606","CUST_02","Food",NA,NA,7,203,"Credit Card","Online",2023-10-24,FALSE,FALSE,FALSE,TRUE
"TXN_9345275","CUST_09","Patisserie",NA,NA,5,190,"Cash","Online",2024-10-20,FALSE,FALSE,FALSE,TRUE
"TXN_2306040","CUST_08","Electric household essentials",NA,NA,8,88,"Cash","Online",2023-11-27,TRUE,FALSE,FALSE,TRUE
"TXN_7924859","CUST_12","Electric household essentials",NA,NA,3,109.5,"Digital Wallet","In-store",2023-08-18,NA,FALSE,FALSE,TRUE
"TXN_7433742","CUST_12","Electric household essentials",NA,NA,5,77.5,"Digital Wallet","Online",2023-09-09,TRUE,FALSE,FALSE,TRUE
"TXN_7513847","CUST_07","Computers and electric accessories",NA,NA,2,31,"Digital Wallet","Online",2023-03-06,TRUE,FALSE,FALSE,TRUE
"TXN_8699307","CUST_09","Food",NA,NA,10,245,"Credit Card","In-store",2022-06-11,TRUE,FALSE,FALSE,TRUE
"TXN_1212399","CUST_05","Beverages",NA,NA,8,112,"Digital Wallet","Online",2024-01-17,TRUE,FALSE,FALSE,TRUE
"TXN_4517752","CUST_05","Beverages",NA,NA,6,246,"Digital Wallet","In-store",2022-07-21,NA,FALSE,FALSE,TRUE
"TXN_5141030","CUST_11","Computers and electric accessories",NA,NA,9,126,"Cash","In-store",2023-11-20,TRUE,FALSE,FALSE,TRUE
"TXN_9434303","CUST_15","Food",NA,NA,6,57,"Digital Wallet","In-store",2023-09-30,TRUE,FALSE,FALSE,TRUE
"TXN_3434264","CUST_07","Butchers",NA,NA,5,167.5,"Digital Wallet","Online",2023-07-11,NA,FALSE,FALSE,TRUE
"TXN_5458562","CUST_21","Computers and electric accessories",NA,NA,6,129,"Digital Wallet","In-store",2024-05-23,NA,FALSE,FALSE,TRUE
"TXN_5984083","CUST_20","Computers and electric accessories",NA,NA,6,84,"Credit Card","In-store",2023-03-07,TRUE,FALSE,FALSE,TRUE
"TXN_5944536","CUST_02","Beverages",NA,NA,9,193.5,"Credit Card","In-store",2024-04-02,FALSE,FALSE,FALSE,TRUE
"TXN_5017130","CUST_08","Food",NA,NA,5,107.5,"Credit Card","In-store",2024-04-01,FALSE,FALSE,FALSE,TRUE
"TXN_3882852","CUST_07","Milk Products",NA,NA,2,28,"Digital Wallet","In-store",2023-02-24,TRUE,FALSE,FALSE,TRUE
"TXN_6834397","CUST_09","Butchers",NA,NA,9,301.5,"Cash","Online",2022-09-29,NA,FALSE,FALSE,TRUE
"TXN_8890563","CUST_03","Food",NA,NA,10,80,"Credit Card","Online",2022-05-26,FALSE,FALSE,FALSE,TRUE
"TXN_7346385","CUST_10","Patisserie",NA,NA,4,62,"Digital Wallet","Online",2024-11-30,FALSE,FALSE,FALSE,TRUE
"TXN_6034757","CUST_07","Food",NA,NA,7,234.5,"Cash","In-store",2023-09-27,FALSE,FALSE,FALSE,TRUE
"TXN_9493702","CUST_06","Computers and electric accessories",NA,NA,6,210,"Cash","Online",2023-09-14,NA,FALSE,FALSE,TRUE
"TXN_6663420","CUST_21","Food",NA,NA,7,287,"Credit Card","In-store",2023-06-12,TRUE,FALSE,FALSE,TRUE
"TXN_3038270","CUST_18","Milk Products",NA,NA,10,65,"Digital Wallet","Online",2023-09-24,FALSE,FALSE,FALSE,TRUE
"TXN_2201759","CUST_15","Butchers",NA,NA,2,70,"Cash","In-store",2023-11-15,NA,FALSE,FALSE,TRUE
"TXN_3087440","CUST_10","Milk Products",NA,NA,7,203,"Cash","Online",2024-06-11,NA,FALSE,FALSE,TRUE
"TXN_6508162","CUST_06","Beverages",NA,NA,2,79,"Credit Card","In-store",2024-05-08,NA,FALSE,FALSE,TRUE
"TXN_1495462","CUST_25","Milk Products",NA,NA,7,98,"Credit Card","In-store",2022-12-17,TRUE,FALSE,FALSE,TRUE
"TXN_5509504","CUST_02","Furniture",NA,NA,4,74,"Digital Wallet","Online",2023-06-20,TRUE,FALSE,FALSE,TRUE
"TXN_1495602","CUST_17","Patisserie",NA,NA,10,245,"Digital Wallet","In-store",2024-12-27,NA,FALSE,FALSE,TRUE
"TXN_6432290","CUST_17","Food",NA,NA,5,85,"Cash","Online",2024-09-25,NA,FALSE,FALSE,TRUE
"TXN_6383890","CUST_10","Butchers",NA,NA,3,105,"Credit Card","Online",2023-07-26,TRUE,FALSE,FALSE,TRUE
"TXN_6530143","CUST_17","Butchers",NA,NA,6,48,"Digital Wallet","Online",2023-10-12,NA,FALSE,FALSE,TRUE
"TXN_1772473","CUST_02","Milk Products",NA,NA,2,19,"Credit Card","Online",2023-03-26,NA,FALSE,FALSE,TRUE
"TXN_8209444","CUST_10","Computers and electric accessories",NA,NA,2,37,"Cash","In-store",2024-10-31,TRUE,FALSE,FALSE,TRUE
"TXN_6772439","CUST_23","Butchers",NA,NA,4,164,"Cash","Online",2023-10-15,FALSE,FALSE,FALSE,TRUE
"TXN_3841567","CUST_24","Electric household essentials",NA,NA,8,124,"Cash","In-store",2022-10-28,FALSE,FALSE,FALSE,TRUE
"TXN_2758823","CUST_17","Patisserie",NA,NA,9,126,"Digital Wallet","In-store",2024-01-06,NA,FALSE,FALSE,TRUE
"TXN_6566133","CUST_04","Butchers",NA,NA,9,126,"Credit Card","In-store",2022-07-27,TRUE,FALSE,FALSE,TRUE
"TXN_4563119","CUST_06","Computers and electric accessories",NA,NA,8,100,"Cash","Online",2023-01-03,TRUE,FALSE,FALSE,TRUE
"TXN_9221528","CUST_22","Beverages",NA,NA,6,84,"Credit Card","Online",2024-06-11,FALSE,FALSE,FALSE,TRUE
"TXN_5202455","CUST_09","Patisserie",NA,NA,1,26,"Cash","Online",2022-05-22,FALSE,FALSE,FALSE,TRUE
"TXN_4761736","CUST_12","Butchers",NA,NA,4,92,"Digital Wallet","Online",2022-04-22,FALSE,FALSE,FALSE,TRUE
"TXN_2364390","CUST_23","Milk Products",NA,NA,6,84,"Credit Card","Online",2023-01-31,NA,FALSE,FALSE,TRUE
"TXN_9035158","CUST_17","Computers and electric accessories",NA,NA,2,22,"Digital Wallet","In-store",2022-07-28,FALSE,FALSE,FALSE,TRUE
"TXN_3174034","CUST_10","Milk Products",NA,NA,10,140,"Digital Wallet","In-store",2022-08-11,FALSE,FALSE,FALSE,TRUE
"TXN_9758083","CUST_05","Milk Products",NA,NA,7,87.5,"Cash","Online",2022-08-11,FALSE,FALSE,FALSE,TRUE
"TXN_1563614","CUST_11","Butchers",NA,NA,5,25,"Credit Card","Online",2022-01-13,TRUE,FALSE,FALSE,TRUE
"TXN_6958546","CUST_16","Milk Products",NA,NA,2,13,"Cash","In-store",2023-11-08,NA,FALSE,FALSE,TRUE
"TXN_2596013","CUST_17","Beverages",NA,NA,4,110,"Digital Wallet","Online",2022-01-16,NA,FALSE,FALSE,TRUE
"TXN_9580803","CUST_14","Computers and electric accessories",NA,NA,5,115,"Cash","In-store",2023-07-13,NA,FALSE,FALSE,TRUE
"TXN_9938912","CUST_07","Butchers",NA,NA,1,21.5,"Cash","Online",2023-07-23,FALSE,FALSE,FALSE,TRUE
"TXN_8823017","CUST_06","Electric household essentials",NA,NA,10,320,"Digital Wallet","Online",2023-04-10,NA,FALSE,FALSE,TRUE
"TXN_4837386","CUST_09","Computers and electric accessories",NA,NA,4,74,"Cash","Online",2022-01-10,FALSE,FALSE,FALSE,TRUE
"TXN_4284755","CUST_07","Milk Products",NA,NA,4,92,"Cash","Online",2024-10-13,FALSE,FALSE,FALSE,TRUE
"TXN_5863318","CUST_18","Butchers",NA,NA,3,100.5,"Digital Wallet","In-store",2022-04-09,FALSE,FALSE,FALSE,TRUE
"TXN_1136695","CUST_18","Food",NA,NA,8,76,"Digital Wallet","In-store",2024-03-24,TRUE,FALSE,FALSE,TRUE
"TXN_5171717","CUST_05","Patisserie",NA,NA,6,48,"Credit Card","Online",2023-06-19,TRUE,FALSE,FALSE,TRUE
"TXN_3586844","CUST_13","Patisserie",NA,NA,4,32,"Cash","In-store",2024-11-05,TRUE,FALSE,FALSE,TRUE
"TXN_4288227","CUST_08","Butchers",NA,NA,8,292,"Cash","Online",2024-12-11,TRUE,FALSE,FALSE,TRUE
"TXN_6823305","CUST_20","Patisserie",NA,NA,9,342,"Credit Card","Online",2023-05-25,FALSE,FALSE,FALSE,TRUE
"TXN_6376468","CUST_24","Furniture",NA,NA,3,105,"Cash","In-store",2023-06-05,FALSE,FALSE,FALSE,TRUE
"TXN_2765031","CUST_17","Food",NA,NA,5,205,"Digital Wallet","Online",2024-11-08,TRUE,FALSE,FALSE,TRUE
"TXN_1791231","CUST_16","Furniture",NA,NA,5,55,"Credit Card","Online",2024-04-21,FALSE,FALSE,FALSE,TRUE
"TXN_4525178","CUST_12","Patisserie",NA,NA,7,203,"Credit Card","In-store",2022-09-18,TRUE,FALSE,FALSE,TRUE
"TXN_8514486","CUST_06","Computers and electric accessories",NA,NA,8,112,"Digital Wallet","In-store",2023-02-23,NA,FALSE,FALSE,TRUE
"TXN_1505264","CUST_11","Beverages",NA,NA,4,86,"Cash","In-store",2024-01-30,FALSE,FALSE,FALSE,TRUE
"TXN_6024315","CUST_18","Patisserie",NA,NA,3,118.5,"Credit Card","Online",2022-06-25,FALSE,FALSE,FALSE,TRUE
"TXN_9799191","CUST_11","Butchers",NA,NA,9,207,"Cash","Online",2023-10-19,TRUE,FALSE,FALSE,TRUE
"TXN_7966995","CUST_14","Computers and electric accessories",NA,NA,8,256,"Digital Wallet","Online",2023-03-24,FALSE,FALSE,FALSE,TRUE
"TXN_5534368","CUST_09","Milk Products",NA,NA,6,138,"Credit Card","In-store",2022-04-14,FALSE,FALSE,FALSE,TRUE
"TXN_3389252","CUST_18","Milk Products",NA,NA,5,70,"Credit Card","In-store",2022-10-26,NA,FALSE,FALSE,TRUE
"TXN_1991377","CUST_16","Food",NA,NA,7,171.5,"Cash","Online",2024-11-23,FALSE,FALSE,FALSE,TRUE
"TXN_6197590","CUST_10","Beverages",NA,NA,7,150.5,"Credit Card","Online",2022-08-15,TRUE,FALSE,FALSE,TRUE
"TXN_3119110","CUST_22","Food",NA,NA,8,88,"Cash","Online",2024-04-30,FALSE,FALSE,FALSE,TRUE
"TXN_4681123","CUST_14","Food",NA,NA,4,80,"Credit Card","Online",2024-11-30,FALSE,FALSE,FALSE,TRUE
"TXN_8539518","CUST_24","Computers and electric accessories",NA,NA,8,184,"Cash","Online",2022-03-31,FALSE,FALSE,FALSE,TRUE
"TXN_1095879","CUST_15","Beverages",NA,NA,10,65,"Digital Wallet","In-store",2023-02-04,TRUE,FALSE,FALSE,TRUE
"TXN_2201869","CUST_03","Beverages",NA,NA,9,193.5,"Digital Wallet","In-store",2022-07-26,TRUE,FALSE,FALSE,TRUE
"TXN_1518090","CUST_15","Milk Products",NA,NA,4,116,"Credit Card","Online",2022-03-06,NA,FALSE,FALSE,TRUE
"TXN_3782741","CUST_15","Electric household essentials",NA,NA,4,152,"Digital Wallet","In-store",2024-11-24,TRUE,FALSE,FALSE,TRUE
"TXN_8101070","CUST_09","Milk Products",NA,NA,9,328.5,"Credit Card","Online",2024-01-26,FALSE,FALSE,FALSE,TRUE
"TXN_4429872","CUST_03","Butchers",NA,NA,10,110,"Credit Card","In-store",2024-01-27,TRUE,FALSE,FALSE,TRUE
"TXN_2387612","CUST_08","Milk Products",NA,NA,5,152.5,"Credit Card","Online",2024-12-24,FALSE,FALSE,FALSE,TRUE
"TXN_8279458","CUST_01","Beverages",NA,NA,2,61,"Credit Card","Online",2022-07-03,TRUE,FALSE,FALSE,TRUE
"TXN_4317033","CUST_06","Electric household essentials",NA,NA,6,246,"Digital Wallet","In-store",2023-05-17,TRUE,FALSE,FALSE,TRUE
"TXN_2745229","CUST_22","Milk Products",NA,NA,8,100,"Credit Card","Online",2024-12-10,NA,FALSE,FALSE,TRUE
"TXN_3855536","CUST_04","Computers and electric accessories",NA,NA,10,410,"Credit Card","In-store",2024-09-27,TRUE,FALSE,FALSE,TRUE
"TXN_8494360","CUST_04","Patisserie",NA,NA,2,52,"Credit Card","Online",2024-09-27,NA,FALSE,FALSE,TRUE
"TXN_9580748","CUST_08","Food",NA,NA,5,152.5,"Credit Card","Online",2023-06-28,FALSE,FALSE,FALSE,TRUE
"TXN_1996371","CUST_10","Milk Products",NA,NA,2,64,"Credit Card","In-store",2022-01-19,TRUE,FALSE,FALSE,TRUE
"TXN_5475355","CUST_02","Electric household essentials",NA,NA,6,246,"Credit Card","Online",2024-01-08,FALSE,FALSE,FALSE,TRUE
"TXN_3681383","CUST_04","Electric household essentials",NA,NA,5,205,"Digital Wallet","In-store",2023-05-18,TRUE,FALSE,FALSE,TRUE
"TXN_4355077","CUST_24","Food",NA,NA,5,145,"Cash","In-store",2023-02-24,NA,FALSE,FALSE,TRUE
"TXN_2633599","CUST_10","Computers and electric accessories",NA,NA,8,52,"Cash","Online",2024-01-16,TRUE,FALSE,FALSE,TRUE
"TXN_7583357","CUST_01","Electric household essentials",NA,NA,4,92,"Digital Wallet","Online",2024-01-01,TRUE,FALSE,FALSE,TRUE
"TXN_8683777","CUST_03","Electric household essentials",NA,NA,2,61,"Digital Wallet","Online",2023-07-05,TRUE,FALSE,FALSE,TRUE
"TXN_6269570","CUST_25","Computers and electric accessories",NA,NA,6,129,"Digital Wallet","Online",2024-03-10,TRUE,FALSE,FALSE,TRUE
"TXN_5780655","CUST_11","Beverages",NA,NA,5,145,"Credit Card","Online",2024-11-12,NA,FALSE,FALSE,TRUE
"TXN_7375053","CUST_04","Computers and electric accessories",NA,NA,1,26,"Digital Wallet","Online",2022-11-27,NA,FALSE,FALSE,TRUE
"TXN_6397507","CUST_22","Patisserie",NA,NA,8,316,"Credit Card","In-store",2022-08-26,NA,FALSE,FALSE,TRUE
"TXN_9418439","CUST_23","Food",NA,NA,5,122.5,"Credit Card","Online",2022-03-06,FALSE,FALSE,FALSE,TRUE
"TXN_6862565","CUST_19","Electric household essentials",NA,NA,2,67,"Digital Wallet","Online",2024-09-01,NA,FALSE,FALSE,TRUE
"TXN_1255913","CUST_21","Patisserie",NA,NA,1,38,"Digital Wallet","Online",2024-01-18,FALSE,FALSE,FALSE,TRUE
"TXN_3396886","CUST_12","Milk Products",NA,NA,4,110,"Credit Card","In-store",2022-01-18,NA,FALSE,FALSE,TRUE
"TXN_6462918","CUST_07","Electric household essentials",NA,NA,7,87.5,"Digital Wallet","In-store",2024-04-15,TRUE,FALSE,FALSE,TRUE
"TXN_7117073","CUST_18","Beverages",NA,NA,6,93,"Digital Wallet","Online",2023-12-07,TRUE,FALSE,FALSE,TRUE
"TXN_5310579","CUST_18","Furniture",NA,NA,10,185,"Digital Wallet","In-store",2024-07-02,NA,FALSE,FALSE,TRUE
"TXN_2168603","CUST_16","Electric household essentials",NA,NA,2,22,"Digital Wallet","In-store",2023-07-23,TRUE,FALSE,FALSE,TRUE
"TXN_5916658","CUST_11","Milk Products",NA,NA,2,58,"Digital Wallet","In-store",2024-05-11,FALSE,FALSE,FALSE,TRUE
"TXN_6381262","CUST_05","Electric household essentials",NA,NA,8,268,"Cash","Online",2024-06-05,TRUE,FALSE,FALSE,TRUE
"TXN_4130110","CUST_20","Butchers",NA,NA,4,92,"Digital Wallet","In-store",2023-05-14,NA,FALSE,FALSE,TRUE
"TXN_8364453","CUST_08","Butchers",NA,NA,3,109.5,"Cash","Online",2023-02-28,TRUE,FALSE,FALSE,TRUE
"TXN_5596069","CUST_08","Electric household essentials",NA,NA,6,75,"Cash","Online",2024-06-04,FALSE,FALSE,FALSE,TRUE
"TXN_1505827","CUST_13","Computers and electric accessories",NA,NA,3,109.5,"Digital Wallet","Online",2025-01-18,NA,FALSE,FALSE,TRUE
"TXN_4181548","CUST_02","Furniture",NA,NA,9,58.5,"Cash","In-store",2023-03-19,TRUE,FALSE,FALSE,TRUE
"TXN_2894776","CUST_14","Electric household essentials",NA,NA,3,109.5,"Cash","In-store",2023-07-05,TRUE,FALSE,FALSE,TRUE
"TXN_8630147","CUST_11","Furniture",NA,NA,10,200,"Cash","In-store",2024-02-28,TRUE,FALSE,FALSE,TRUE
"TXN_6412787","CUST_11","Patisserie",NA,NA,2,43,"Digital Wallet","Online",2023-04-06,FALSE,FALSE,FALSE,TRUE
"TXN_6179719","CUST_08","Computers and electric accessories",NA,NA,4,50,"Digital Wallet","In-store",2022-03-29,FALSE,FALSE,FALSE,TRUE
"TXN_2773543","CUST_07","Furniture",NA,NA,10,320,"Cash","Online",2023-01-22,NA,FALSE,FALSE,TRUE
"TXN_7710993","CUST_17","Patisserie",NA,NA,1,24.5,"Digital Wallet","In-store",2023-10-23,TRUE,FALSE,FALSE,TRUE
"TXN_6027222","CUST_18","Food",NA,NA,2,82,"Digital Wallet","In-store",2024-06-10,FALSE,FALSE,FALSE,TRUE
"TXN_6720124","CUST_09","Computers and electric accessories",NA,NA,8,196,"Digital Wallet","In-store",2022-07-19,FALSE,FALSE,FALSE,TRUE
"TXN_4379762","CUST_17","Butchers",NA,NA,6,228,"Credit Card","Online",2024-08-06,TRUE,FALSE,FALSE,TRUE
"TXN_9823408","CUST_05","Computers and electric accessories",NA,NA,3,51,"Cash","In-store",2024-10-20,NA,FALSE,FALSE,TRUE
"TXN_6325212","CUST_03","Patisserie",NA,NA,8,244,"Digital Wallet","In-store",2023-06-07,NA,FALSE,FALSE,TRUE
"TXN_9014397","CUST_19","Electric household essentials",NA,NA,3,78,"Credit Card","Online",2022-04-22,TRUE,FALSE,FALSE,TRUE
"TXN_9682433","CUST_16","Patisserie",NA,NA,1,17,"Credit Card","Online",2024-11-29,TRUE,FALSE,FALSE,TRUE
"TXN_3925839","CUST_05","Food",NA,NA,9,261,"Cash","Online",2024-04-03,NA,FALSE,FALSE,TRUE
"TXN_5612175","CUST_03","Food",NA,NA,2,70,"Cash","Online",2025-01-16,TRUE,FALSE,FALSE,TRUE
"TXN_9464343","CUST_09","Milk Products",NA,NA,7,35,"Digital Wallet","Online",2022-11-11,FALSE,FALSE,FALSE,TRUE
"TXN_7764504","CUST_14","Milk Products",NA,NA,2,28,"Credit Card","In-store",2024-11-29,FALSE,FALSE,FALSE,TRUE
"TXN_1425560","CUST_23","Patisserie",NA,NA,10,320,"Digital Wallet","In-store",2023-02-02,NA,FALSE,FALSE,TRUE
"TXN_1046367","CUST_21","Computers and electric accessories",NA,NA,10,185,"Cash","In-store",2022-06-21,NA,FALSE,FALSE,TRUE
"TXN_1434329","CUST_10","Beverages",NA,NA,2,49,"Credit Card","In-store",2024-08-19,FALSE,FALSE,FALSE,TRUE
"TXN_1813718","CUST_03","Butchers",NA,NA,1,30.5,"Credit Card","In-store",2023-06-08,NA,FALSE,FALSE,TRUE
"TXN_6568038","CUST_05","Computers and electric accessories",NA,NA,2,79,"Digital Wallet","In-store",2023-12-16,NA,FALSE,FALSE,TRUE
"TXN_1211345","CUST_19","Furniture",NA,NA,7,66.5,"Digital Wallet","Online",2024-12-02,NA,FALSE,FALSE,TRUE
"TXN_3923033","CUST_05","Electric household essentials",NA,NA,9,207,"Credit Card","Online",2024-12-22,NA,FALSE,FALSE,TRUE
"TXN_9521709","CUST_12","Patisserie",NA,NA,10,245,"Cash","Online",2022-07-11,TRUE,FALSE,FALSE,TRUE
"TXN_2953972","CUST_15","Electric household essentials",NA,NA,2,46,"Digital Wallet","Online",2024-01-27,NA,FALSE,FALSE,TRUE
"TXN_7747407","CUST_08","Food",NA,NA,6,201,"Cash","Online",2024-04-09,FALSE,FALSE,FALSE,TRUE
"TXN_5026398","CUST_25","Butchers",NA,NA,9,328.5,"Digital Wallet","Online",2022-04-07,NA,FALSE,FALSE,TRUE
"TXN_7565406","CUST_15","Butchers",NA,NA,9,207,"Digital Wallet","Online",2023-10-06,FALSE,FALSE,FALSE,TRUE
"TXN_2046922","CUST_21","Milk Products",NA,NA,5,40,"Cash","In-store",2023-11-26,FALSE,FALSE,FALSE,TRUE
"TXN_3707017","CUST_10","Furniture",NA,NA,3,33,"Digital Wallet","Online",2024-04-04,FALSE,FALSE,FALSE,TRUE
"TXN_6912528","CUST_08","Computers and electric accessories",NA,NA,7,287,"Cash","Online",2024-04-13,NA,FALSE,FALSE,TRUE
"TXN_5628367","CUST_04","Food",NA,NA,3,123,"Cash","In-store",2023-01-29,NA,FALSE,FALSE,TRUE
"TXN_5533205","CUST_18","Furniture",NA,NA,7,276.5,"Credit Card","Online",2023-12-31,NA,FALSE,FALSE,TRUE
"TXN_3648215","CUST_01","Food",NA,NA,6,210,"Cash","In-store",2024-03-29,NA,FALSE,FALSE,TRUE
"TXN_7138571","CUST_13","Electric household essentials",NA,NA,4,140,"Cash","Online",2023-09-25,FALSE,FALSE,FALSE,TRUE
"TXN_5037301","CUST_21","Patisserie",NA,NA,9,45,"Digital Wallet","Online",2023-11-14,NA,FALSE,FALSE,TRUE
"TXN_7478863","CUST_22","Patisserie",NA,NA,2,49,"Cash","In-store",2022-05-16,NA,FALSE,FALSE,TRUE
"TXN_7303362","CUST_20","Furniture",NA,NA,10,110,"Digital Wallet","In-store",2023-11-02,NA,FALSE,FALSE,TRUE
"TXN_4624810","CUST_20","Electric household essentials",NA,NA,9,247.5,"Digital Wallet","Online",2023-11-08,FALSE,FALSE,FALSE,TRUE
"TXN_7450879","CUST_01","Beverages",NA,NA,4,134,"Credit Card","In-store",2024-03-29,FALSE,FALSE,FALSE,TRUE
"TXN_3275587","CUST_04","Computers and electric accessories",NA,NA,5,77.5,"Credit Card","In-store",2024-03-11,FALSE,FALSE,FALSE,TRUE
"TXN_9165564","CUST_02","Milk Products",NA,NA,3,100.5,"Cash","Online",2023-03-31,NA,FALSE,FALSE,TRUE
"TXN_2463351","CUST_19","Computers and electric accessories",NA,NA,10,65,"Credit Card","Online",2022-08-12,NA,FALSE,FALSE,TRUE
"TXN_7780561","CUST_06","Beverages",NA,NA,4,80,"Cash","In-store",2024-05-06,NA,FALSE,FALSE,TRUE
"TXN_3575373","CUST_17","Milk Products",NA,NA,9,45,"Cash","Online",2024-12-29,TRUE,FALSE,FALSE,TRUE
"TXN_6866951","CUST_04","Electric household essentials",NA,NA,9,301.5,"Credit Card","Online",2023-09-24,TRUE,FALSE,FALSE,TRUE
"TXN_7597821","CUST_01","Butchers",NA,NA,5,205,"Credit Card","In-store",2024-05-18,TRUE,FALSE,FALSE,TRUE
"TXN_1284380","CUST_06","Electric household essentials",NA,NA,4,62,"Cash","In-store",2023-07-14,TRUE,FALSE,FALSE,TRUE
"TXN_8221789","CUST_23","Furniture",NA,NA,10,110,"Credit Card","In-store",2024-06-12,NA,FALSE,FALSE,TRUE
"TXN_2691217","CUST_17","Furniture",NA,NA,2,40,"Credit Card","Online",2024-08-11,TRUE,FALSE,FALSE,TRUE
"TXN_9620521","CUST_14","Beverages",NA,NA,2,55,"Cash","Online",2022-07-19,FALSE,FALSE,FALSE,TRUE
"TXN_3503862","CUST_07","Patisserie",NA,NA,9,45,"Cash","Online",2022-03-08,TRUE,FALSE,FALSE,TRUE
"TXN_3978048","CUST_24","Electric household essentials",NA,NA,2,55,"Credit Card","Online",2024-04-26,TRUE,FALSE,FALSE,TRUE
"TXN_2854112","CUST_24","Milk Products",NA,NA,7,224,"Credit Card","Online",2024-01-23,TRUE,FALSE,FALSE,TRUE
"TXN_3971163","CUST_17","Butchers",NA,NA,9,45,"Digital Wallet","Online",2022-07-29,TRUE,FALSE,FALSE,TRUE
"TXN_7877933","CUST_15","Butchers",NA,NA,2,73,"Credit Card","In-store",2023-04-26,NA,FALSE,FALSE,TRUE
"TXN_9285109","CUST_20","Computers and electric accessories",NA,NA,2,64,"Cash","In-store",2023-12-26,NA,FALSE,FALSE,TRUE
"TXN_5341574","CUST_01","Computers and electric accessories",NA,NA,6,84,"Cash","In-store",2023-10-23,FALSE,FALSE,FALSE,TRUE
"TXN_4467507","CUST_01","Beverages",NA,NA,2,82,"Credit Card","Online",2023-07-24,TRUE,FALSE,FALSE,TRUE
"TXN_4989570","CUST_03","Food",NA,NA,7,87.5,"Digital Wallet","Online",2023-08-23,TRUE,FALSE,FALSE,TRUE
"TXN_5203845","CUST_16","Beverages",NA,NA,7,287,"Digital Wallet","Online",2022-11-15,NA,FALSE,FALSE,TRUE
"TXN_1322913","CUST_18","Food",NA,NA,4,80,"Digital Wallet","Online",2022-09-20,TRUE,FALSE,FALSE,TRUE
"TXN_3994804","CUST_03","Furniture",NA,NA,1,33.5,"Credit Card","In-store",2022-01-08,NA,FALSE,FALSE,TRUE
"TXN_5442078","CUST_08","Food",NA,NA,7,77,"Credit Card","Online",2023-07-31,TRUE,FALSE,FALSE,TRUE
"TXN_8670643","CUST_11","Milk Products",NA,NA,1,36.5,"Digital Wallet","Online",2022-12-18,FALSE,FALSE,FALSE,TRUE
"TXN_6845710","CUST_03","Milk Products",NA,NA,2,40,"Digital Wallet","Online",2024-11-23,NA,FALSE,FALSE,TRUE
"TXN_3033931","CUST_09","Milk Products",NA,NA,1,12.5,"Cash","In-store",2023-08-17,NA,FALSE,FALSE,TRUE
"TXN_4099276","CUST_17","Beverages",NA,NA,6,84,"Digital Wallet","In-store",2024-11-24,NA,FALSE,FALSE,TRUE
"TXN_8475688","CUST_05","Furniture",NA,NA,4,158,"Credit Card","In-store",2023-05-20,FALSE,FALSE,FALSE,TRUE
"TXN_6929636","CUST_17","Computers and electric accessories",NA,NA,2,16,"Digital Wallet","Online",2023-11-23,NA,FALSE,FALSE,TRUE
"TXN_1306295","CUST_15","Computers and electric accessories",NA,NA,5,32.5,"Digital Wallet","Online",2022-09-13,TRUE,FALSE,FALSE,TRUE
"TXN_7806205","CUST_08","Milk Products",NA,NA,3,109.5,"Digital Wallet","In-store",2023-03-03,NA,FALSE,FALSE,TRUE
"TXN_9478594","CUST_12","Computers and electric accessories",NA,NA,7,108.5,"Credit Card","Online",2023-01-12,FALSE,FALSE,FALSE,TRUE
"TXN_9649004","CUST_11","Butchers",NA,NA,2,49,"Cash","Online",2022-07-16,NA,FALSE,FALSE,TRUE
"TXN_2457102","CUST_18","Furniture",NA,NA,3,123,"Digital Wallet","Online",2022-03-10,TRUE,FALSE,FALSE,TRUE
"TXN_1044590","CUST_12","Electric household essentials",NA,NA,4,56,"Cash","Online",2024-05-07,FALSE,FALSE,FALSE,TRUE
"TXN_3957917","CUST_09","Milk Products",NA,NA,5,25,"Credit Card","In-store",2022-10-17,TRUE,FALSE,FALSE,TRUE
"TXN_7420327","CUST_05","Furniture",NA,NA,8,232,"Credit Card","Online",2023-02-24,TRUE,FALSE,FALSE,TRUE
"TXN_6437047","CUST_03","Electric household essentials",NA,NA,7,255.5,"Cash","Online",2023-03-28,NA,FALSE,FALSE,TRUE
"TXN_9427980","CUST_12","Beverages",NA,NA,8,124,"Cash","Online",2023-06-22,NA,FALSE,FALSE,TRUE
"TXN_3987229","CUST_25","Beverages",NA,NA,3,60,"Cash","Online",2023-02-11,FALSE,FALSE,FALSE,TRUE
"TXN_4848182","CUST_21","Food",NA,NA,4,146,"Credit Card","Online",2023-09-11,NA,FALSE,FALSE,TRUE
"TXN_9361358","CUST_13","Food",NA,NA,5,115,"Credit Card","In-store",2023-05-11,NA,FALSE,FALSE,TRUE
"TXN_5592249","CUST_07","Computers and electric accessories",NA,NA,8,136,"Cash","In-store",2023-03-14,TRUE,FALSE,FALSE,TRUE
"TXN_8653885","CUST_12","Food",NA,NA,7,182,"Credit Card","Online",2022-03-29,NA,FALSE,FALSE,TRUE
"TXN_8573044","CUST_23","Beverages",NA,NA,8,280,"Credit Card","In-store",2023-02-18,FALSE,FALSE,FALSE,TRUE
"TXN_2618457","CUST_02","Food",NA,NA,6,120,"Credit Card","In-store",2022-07-11,TRUE,FALSE,FALSE,TRUE
"TXN_5179270","CUST_20","Patisserie",NA,NA,2,79,"Credit Card","Online",2024-02-15,FALSE,FALSE,FALSE,TRUE
"TXN_4822005","CUST_10","Food",NA,NA,8,268,"Credit Card","Online",2023-02-26,NA,FALSE,FALSE,TRUE
"TXN_6051216","CUST_07","Computers and electric accessories",NA,NA,10,275,"Credit Card","Online",2022-09-23,FALSE,FALSE,FALSE,TRUE
"TXN_9302123","CUST_04","Food",NA,NA,3,69,"Credit Card","Online",2022-11-26,FALSE,FALSE,FALSE,TRUE
"TXN_8332080","CUST_08","Milk Products",NA,NA,7,192.5,"Digital Wallet","Online",2024-08-27,NA,FALSE,FALSE,TRUE
"TXN_9053395","CUST_11","Electric household essentials",NA,NA,10,230,"Digital Wallet","Online",2022-08-27,TRUE,FALSE,FALSE,TRUE
"TXN_2223571","CUST_24","Patisserie",NA,NA,9,288,"Credit Card","In-store",2022-11-14,TRUE,FALSE,FALSE,TRUE
"TXN_9887558","CUST_13","Electric household essentials",NA,NA,4,86,"Digital Wallet","Online",2022-03-17,TRUE,FALSE,FALSE,TRUE
"TXN_2559484","CUST_04","Computers and electric accessories",NA,NA,9,112.5,"Cash","In-store",2022-04-15,NA,FALSE,FALSE,TRUE
"TXN_5395629","CUST_14","Butchers",NA,NA,7,150.5,"Credit Card","Online",2022-08-24,TRUE,FALSE,FALSE,TRUE
"TXN_4275306","CUST_23","Electric household essentials",NA,NA,9,342,"Digital Wallet","In-store",2022-03-19,TRUE,FALSE,FALSE,TRUE
"TXN_1981233","CUST_05","Furniture",NA,NA,5,167.5,"Digital Wallet","In-store",2023-08-06,TRUE,FALSE,FALSE,TRUE
"TXN_9945945","CUST_11","Patisserie",NA,NA,3,118.5,"Cash","Online",2023-09-17,TRUE,FALSE,FALSE,TRUE
"TXN_5221911","CUST_09","Beverages",NA,NA,9,85.5,"Credit Card","Online",2023-07-09,FALSE,FALSE,FALSE,TRUE
"TXN_3599137","CUST_19","Milk Products",NA,NA,10,365,"Digital Wallet","In-store",2024-08-03,TRUE,FALSE,FALSE,TRUE
"TXN_2168164","CUST_05","Milk Products",NA,NA,5,40,"Credit Card","In-store",2024-08-26,TRUE,FALSE,FALSE,TRUE
"TXN_6400580","CUST_07","Furniture",NA,NA,9,301.5,"Credit Card","Online",2023-09-11,FALSE,FALSE,FALSE,TRUE
"TXN_8714514","CUST_04","Patisserie",NA,NA,7,98,"Digital Wallet","In-store",2022-08-19,NA,FALSE,FALSE,TRUE
"TXN_3878879","CUST_03","Computers and electric accessories",NA,NA,9,288,"Digital Wallet","In-store",2022-01-22,NA,FALSE,FALSE,TRUE
"TXN_8036579","CUST_01","Food",NA,NA,2,61,"Digital Wallet","Online",2024-05-23,TRUE,FALSE,FALSE,TRUE
"TXN_3329144","CUST_23","Food",NA,NA,3,73.5,"Credit Card","In-store",2025-01-11,FALSE,FALSE,FALSE,TRUE
"TXN_2190232","CUST_06","Furniture",NA,NA,7,224,"Digital Wallet","In-store",2024-02-16,FALSE,FALSE,FALSE,TRUE
"TXN_4771109","CUST_21","Electric household essentials",NA,NA,10,410,"Digital Wallet","In-store",2022-07-03,TRUE,FALSE,FALSE,TRUE
"TXN_3169757","CUST_11","Beverages",NA,NA,7,224,"Digital Wallet","Online",2024-04-04,FALSE,FALSE,FALSE,TRUE
"TXN_2288041","CUST_24","Food",NA,NA,10,410,"Digital Wallet","In-store",2023-09-02,FALSE,FALSE,FALSE,TRUE
"TXN_5647485","CUST_15","Food",NA,NA,9,112.5,"Digital Wallet","In-store",2024-01-13,FALSE,FALSE,FALSE,TRUE
"TXN_1610493","CUST_11","Electric household essentials",NA,NA,1,18.5,"Cash","Online",2023-01-26,NA,FALSE,FALSE,TRUE
"TXN_6852237","CUST_02","Patisserie",NA,NA,1,21.5,"Credit Card","In-store",2023-08-29,TRUE,FALSE,FALSE,TRUE
"TXN_4452577","CUST_16","Electric household essentials",NA,NA,4,128,"Digital Wallet","Online",2022-02-13,TRUE,FALSE,FALSE,TRUE
"TXN_8016362","CUST_03","Electric household essentials",NA,NA,6,246,"Cash","Online",2022-08-18,TRUE,FALSE,FALSE,TRUE
"TXN_2010228","CUST_17","Food",NA,NA,4,32,"Digital Wallet","In-store",2025-01-06,NA,FALSE,FALSE,TRUE
"TXN_7156790","CUST_10","Food",NA,NA,4,92,"Digital Wallet","Online",2022-11-24,TRUE,FALSE,FALSE,TRUE
"TXN_7026911","CUST_23","Patisserie",NA,NA,8,268,"Credit Card","In-store",2022-12-23,TRUE,FALSE,FALSE,TRUE
"TXN_1702959","CUST_03","Butchers",NA,NA,10,380,"Cash","In-store",2022-02-22,FALSE,FALSE,FALSE,TRUE
"TXN_2018105","CUST_13","Computers and electric accessories",NA,NA,10,80,"Credit Card","In-store",2023-10-07,FALSE,FALSE,FALSE,TRUE
"TXN_1058643","CUST_23","Food",NA,NA,2,19,"Digital Wallet","In-store",2024-10-01,FALSE,FALSE,FALSE,TRUE
"TXN_6211037","CUST_20","Patisserie",NA,NA,7,66.5,"Digital Wallet","In-store",2024-07-24,FALSE,FALSE,FALSE,TRUE
"TXN_4872092","CUST_23","Electric household essentials",NA,NA,3,123,"Cash","In-store",2024-11-02,NA,FALSE,FALSE,TRUE
"TXN_4793029","CUST_20","Food",NA,NA,4,92,"Credit Card","In-store",2024-12-07,NA,FALSE,FALSE,TRUE
"TXN_3922646","CUST_08","Electric household essentials",NA,NA,2,64,"Cash","Online",2023-07-27,FALSE,FALSE,FALSE,TRUE
"TXN_4123276","CUST_14","Food",NA,NA,5,62.5,"Digital Wallet","Online",2023-07-09,FALSE,FALSE,FALSE,TRUE
"TXN_9611416","CUST_19","Butchers",NA,NA,3,24,"Digital Wallet","Online",2022-09-02,TRUE,FALSE,FALSE,TRUE
"TXN_5758502","CUST_21","Food",NA,NA,3,73.5,"Credit Card","In-store",2024-01-01,NA,FALSE,FALSE,TRUE
"TXN_1809957","CUST_04","Milk Products",NA,NA,9,355.5,"Credit Card","Online",2022-10-12,TRUE,FALSE,FALSE,TRUE
"TXN_8693268","CUST_19","Computers and electric accessories",NA,NA,5,197.5,"Credit Card","In-store",2022-05-31,NA,FALSE,FALSE,TRUE
"TXN_2004814","CUST_16","Computers and electric accessories",NA,NA,5,160,"Credit Card","Online",2023-05-14,TRUE,FALSE,FALSE,TRUE
"TXN_9321451","CUST_10","Furniture",NA,NA,1,5,"Credit Card","Online",2022-11-21,NA,FALSE,FALSE,TRUE
"TXN_1051223","CUST_08","Patisserie",NA,NA,9,45,"Credit Card","Online",2023-10-25,NA,FALSE,FALSE,TRUE
"TXN_4335485","CUST_25","Butchers",NA,NA,5,115,"Digital Wallet","In-store",2022-12-29,TRUE,FALSE,FALSE,TRUE
"TXN_8240954","CUST_24","Butchers",NA,NA,3,91.5,"Cash","Online",2022-04-05,FALSE,FALSE,FALSE,TRUE
"TXN_3875311","CUST_13","Food",NA,NA,2,40,"Digital Wallet","In-store",2023-07-24,FALSE,FALSE,FALSE,TRUE
"TXN_5796230","CUST_03","Milk Products",NA,NA,5,40,"Digital Wallet","In-store",2022-05-30,FALSE,FALSE,FALSE,TRUE
"TXN_2487307","CUST_19","Electric household essentials",NA,NA,7,234.5,"Credit Card","Online",2022-04-18,FALSE,FALSE,FALSE,TRUE
"TXN_7965748","CUST_08","Patisserie",NA,NA,8,328,"Digital Wallet","In-store",2023-01-14,NA,FALSE,FALSE,TRUE
"TXN_3873648","CUST_12","Butchers",NA,NA,4,146,"Credit Card","Online",2022-12-09,TRUE,FALSE,FALSE,TRUE
"TXN_6842211","CUST_22","Food",NA,NA,9,193.5,"Digital Wallet","Online",2024-08-16,FALSE,FALSE,FALSE,TRUE
"TXN_2715374","CUST_12","Computers and electric accessories",NA,NA,7,171.5,"Credit Card","In-store",2023-03-15,TRUE,FALSE,FALSE,TRUE
"TXN_1310254","CUST_20","Milk Products",NA,NA,8,232,"Digital Wallet","Online",2022-03-16,TRUE,FALSE,FALSE,TRUE
"TXN_9864135","CUST_25","Electric household essentials",NA,NA,1,20,"Digital Wallet","Online",2023-08-17,FALSE,FALSE,FALSE,TRUE
"TXN_7852595","CUST_21","Milk Products",NA,NA,1,8,"Cash","Online",2022-08-04,FALSE,FALSE,FALSE,TRUE
"TXN_3666581","CUST_07","Electric household essentials",NA,NA,3,46.5,"Cash","In-store",2024-06-08,NA,FALSE,FALSE,TRUE
"TXN_8373098","CUST_18","Butchers",NA,NA,7,234.5,"Digital Wallet","Online",2024-04-02,NA,FALSE,FALSE,TRUE
"TXN_6948452","CUST_18","Electric household essentials",NA,NA,5,47.5,"Digital Wallet","In-store",2024-11-05,NA,FALSE,FALSE,TRUE
"TXN_4671556","CUST_06","Food",NA,NA,3,51,"Cash","In-store",2022-09-13,FALSE,FALSE,FALSE,TRUE
"TXN_6730547","CUST_18","Butchers",NA,NA,2,40,"Credit Card","Online",2024-01-17,TRUE,FALSE,FALSE,TRUE
"TXN_9416158","CUST_24","Butchers",NA,NA,2,25,"Cash","In-store",2023-01-27,FALSE,FALSE,FALSE,TRUE
"TXN_7302842","CUST_15","Butchers",NA,NA,10,80,"Digital Wallet","Online",2024-11-05,NA,FALSE,FALSE,TRUE
"TXN_1164094","CUST_09","Patisserie",NA,NA,3,33,"Digital Wallet","In-store",2024-07-29,NA,FALSE,FALSE,TRUE
"TXN_5831445","CUST_17","Beverages",NA,NA,4,98,"Cash","In-store",2023-10-31,NA,FALSE,FALSE,TRUE
"TXN_7929084","CUST_15","Computers and electric accessories",NA,NA,1,26,"Cash","Online",2023-04-09,TRUE,FALSE,FALSE,TRUE
"TXN_3768715","CUST_12","Patisserie",NA,NA,7,161,"Cash","Online",2023-12-24,TRUE,FALSE,FALSE,TRUE
"TXN_9805058","CUST_19","Butchers",NA,NA,7,98,"Cash","In-store",2024-06-24,NA,FALSE,FALSE,TRUE
"TXN_6345102","CUST_23","Food",NA,NA,6,165,"Cash","Online",2022-12-20,NA,FALSE,FALSE,TRUE
"TXN_8686018","CUST_07","Patisserie",NA,NA,8,160,"Credit Card","Online",2024-07-29,FALSE,FALSE,FALSE,TRUE
"TXN_8831425","CUST_12","Butchers",NA,NA,3,28.5,"Credit Card","In-store",2023-09-08,TRUE,FALSE,FALSE,TRUE
"TXN_2770070","CUST_22","Electric household essentials",NA,NA,6,165,"Digital Wallet","In-store",2022-06-10,NA,FALSE,FALSE,TRUE
"TXN_7744516","CUST_04","Computers and electric accessories",NA,NA,10,215,"Credit Card","In-store",2023-09-19,FALSE,FALSE,FALSE,TRUE
"TXN_2119863","CUST_24","Patisserie",NA,NA,10,365,"Cash","Online",2024-12-24,TRUE,FALSE,FALSE,TRUE
"TXN_6027273","CUST_01","Milk Products",NA,NA,1,12.5,"Digital Wallet","In-store",2023-03-20,NA,FALSE,FALSE,TRUE
"TXN_3277863","CUST_17","Furniture",NA,NA,7,224,"Credit Card","Online",2022-12-16,FALSE,FALSE,FALSE,TRUE
"TXN_2595449","CUST_02","Furniture",NA,NA,10,95,"Cash","Online",2024-07-08,TRUE,FALSE,FALSE,TRUE
"TXN_9161445","CUST_11","Beverages",NA,NA,6,174,"Cash","In-store",2023-11-03,NA,FALSE,FALSE,TRUE
"TXN_2602356","CUST_12","Food",NA,NA,5,40,"Cash","Online",2024-01-31,NA,FALSE,FALSE,TRUE
"TXN_6970868","CUST_20","Computers and electric accessories",NA,NA,9,234,"Cash","Online",2023-12-17,TRUE,FALSE,FALSE,TRUE
"TXN_9860940","CUST_09","Furniture",NA,NA,9,328.5,"Credit Card","Online",2024-06-11,NA,FALSE,FALSE,TRUE
"TXN_3526562","CUST_24","Butchers",NA,NA,1,29,"Credit Card","Online",2024-10-27,TRUE,FALSE,FALSE,TRUE
"TXN_1032287","CUST_16","Food",NA,NA,2,43,"Cash","Online",2022-07-27,NA,FALSE,FALSE,TRUE
"TXN_2357597","CUST_21","Computers and electric accessories",NA,NA,3,15,"Cash","Online",2024-04-17,TRUE,FALSE,FALSE,TRUE
"TXN_7868771","CUST_14","Food",NA,NA,5,107.5,"Cash","In-store",2024-12-31,NA,FALSE,FALSE,TRUE
"TXN_1586746","CUST_01","Furniture",NA,NA,3,73.5,"Credit Card","Online",2022-08-06,TRUE,FALSE,FALSE,TRUE
"TXN_5037401","CUST_15","Milk Products",NA,NA,1,11,"Digital Wallet","In-store",2022-10-31,NA,FALSE,FALSE,TRUE
"TXN_5391734","CUST_12","Beverages",NA,NA,3,46.5,"Digital Wallet","Online",2024-11-17,NA,FALSE,FALSE,TRUE
"TXN_6004811","CUST_18","Electric household essentials",NA,NA,6,183,"Digital Wallet","In-store",2023-07-08,FALSE,FALSE,FALSE,TRUE
"TXN_9020139","CUST_19","Computers and electric accessories",NA,NA,2,61,"Digital Wallet","In-store",2024-04-15,NA,FALSE,FALSE,TRUE
"TXN_4684828","CUST_06","Patisserie",NA,NA,4,56,"Credit Card","In-store",2023-06-04,TRUE,FALSE,FALSE,TRUE
"TXN_9748964","CUST_24","Furniture",NA,NA,2,28,"Cash","In-store",2024-02-21,FALSE,FALSE,FALSE,TRUE
"TXN_9714585","CUST_07","Food",NA,NA,10,290,"Digital Wallet","Online",2024-11-10,NA,FALSE,FALSE,TRUE
"TXN_6314299","CUST_19","Milk Products",NA,NA,6,246,"Credit Card","Online",2022-02-14,NA,FALSE,FALSE,TRUE
"TXN_2261622","CUST_02","Beverages",NA,NA,9,180,"Cash","In-store",2022-09-27,TRUE,FALSE,FALSE,TRUE
"TXN_9333110","CUST_15","Computers and electric accessories",NA,NA,2,22,"Cash","In-store",2024-07-03,FALSE,FALSE,FALSE,TRUE
"TXN_5445578","CUST_11","Furniture",NA,NA,8,52,"Credit Card","In-store",2023-04-11,TRUE,FALSE,FALSE,TRUE
"TXN_9698787","CUST_09","Beverages",NA,NA,3,28.5,"Cash","Online",2024-11-13,FALSE,FALSE,FALSE,TRUE
"TXN_9925855","CUST_03","Beverages",NA,NA,8,304,"Digital Wallet","In-store",2024-10-02,NA,FALSE,FALSE,TRUE
"TXN_7003816","CUST_10","Butchers",NA,NA,1,21.5,"Credit Card","In-store",2024-07-15,NA,FALSE,FALSE,TRUE
"TXN_8332438","CUST_12","Butchers",NA,NA,2,16,"Credit Card","Online",2024-04-19,TRUE,FALSE,FALSE,TRUE
"TXN_4327045","CUST_08","Electric household essentials",NA,NA,9,369,"Cash","Online",2024-08-11,FALSE,FALSE,FALSE,TRUE
"TXN_3829639","CUST_20","Furniture",NA,NA,2,22,"Digital Wallet","In-store",2022-03-29,FALSE,FALSE,FALSE,TRUE
"TXN_3427189","CUST_09","Food",NA,NA,9,220.5,"Cash","In-store",2024-04-10,TRUE,FALSE,FALSE,TRUE
"TXN_5225733","CUST_02","Patisserie",NA,NA,8,124,"Cash","Online",2023-04-08,TRUE,FALSE,FALSE,TRUE
"TXN_3728004","CUST_25","Beverages",NA,NA,3,46.5,"Cash","In-store",2022-08-23,NA,FALSE,FALSE,TRUE
"TXN_3961088","CUST_04","Furniture",NA,NA,2,34,"Digital Wallet","In-store",2023-03-23,TRUE,FALSE,FALSE,TRUE
"TXN_6659981","CUST_17","Beverages",NA,NA,9,153,"Credit Card","Online",2023-06-19,TRUE,FALSE,FALSE,TRUE
"TXN_6087492","CUST_24","Patisserie",NA,NA,3,15,"Credit Card","In-store",2023-12-14,TRUE,FALSE,FALSE,TRUE
"TXN_4047279","CUST_09","Electric household essentials",NA,NA,1,36.5,"Credit Card","In-store",2024-07-08,NA,FALSE,FALSE,TRUE
"TXN_4128346","CUST_14","Beverages",NA,NA,3,42,"Cash","In-store",2024-01-31,NA,FALSE,FALSE,TRUE
"TXN_3915802","CUST_04","Electric household essentials",NA,NA,2,76,"Cash","Online",2023-01-12,TRUE,FALSE,FALSE,TRUE
"TXN_6002055","CUST_16","Milk Products",NA,NA,1,17,"Digital Wallet","In-store",2022-03-20,TRUE,FALSE,FALSE,TRUE
"TXN_4703736","CUST_16","Milk Products",NA,NA,4,62,"Digital Wallet","Online",2023-05-27,FALSE,FALSE,FALSE,TRUE
"TXN_7179907","CUST_22","Food",NA,NA,10,245,"Cash","Online",2022-07-23,FALSE,FALSE,FALSE,TRUE
"TXN_8628417","CUST_09","Furniture",NA,NA,5,47.5,"Digital Wallet","In-store",2022-10-09,TRUE,FALSE,FALSE,TRUE
"TXN_5452486","CUST_13","Electric household essentials",NA,NA,2,76,"Credit Card","In-store",2023-10-22,TRUE,FALSE,FALSE,TRUE
"TXN_2701654","CUST_21","Computers and electric accessories",NA,NA,1,35,"Credit Card","In-store",2022-01-06,NA,FALSE,FALSE,TRUE
"TXN_3935581","CUST_07","Food",NA,NA,10,80,"Digital Wallet","In-store",2024-05-13,TRUE,FALSE,FALSE,TRUE
"TXN_1202968","CUST_11","Electric household essentials",NA,NA,8,112,"Digital Wallet","Online",2022-09-03,TRUE,FALSE,FALSE,TRUE
"TXN_5520385","CUST_24","Milk Products",NA,NA,5,137.5,"Digital Wallet","In-store",2024-09-28,NA,FALSE,FALSE,TRUE
"TXN_1525936","CUST_20","Computers and electric accessories",NA,NA,8,112,"Digital Wallet","In-store",2025-01-15,FALSE,FALSE,FALSE,TRUE
"TXN_4422875","CUST_23","Furniture",NA,NA,2,52,"Digital Wallet","In-store",2023-10-01,FALSE,FALSE,FALSE,TRUE
"TXN_9122442","CUST_10","Butchers",NA,NA,8,292,"Credit Card","In-store",2024-11-26,FALSE,FALSE,FALSE,TRUE
"TXN_7194672","CUST_18","Butchers",NA,NA,8,208,"Digital Wallet","Online",2024-10-07,TRUE,FALSE,FALSE,TRUE
"TXN_6725698","CUST_06","Butchers",NA,NA,8,184,"Digital Wallet","Online",2024-11-03,TRUE,FALSE,FALSE,TRUE
"TXN_8342635","CUST_24","Milk Products",NA,NA,2,19,"Digital Wallet","In-store",2022-07-30,FALSE,FALSE,FALSE,TRUE
"TXN_5044258","CUST_04","Computers and electric accessories",NA,NA,10,260,"Digital Wallet","Online",2023-01-26,NA,FALSE,FALSE,TRUE
"TXN_8186737","CUST_08","Patisserie",NA,NA,5,167.5,"Credit Card","Online",2023-05-16,NA,FALSE,FALSE,TRUE
"TXN_5568136","CUST_04","Patisserie",NA,NA,8,160,"Credit Card","Online",2023-12-25,TRUE,FALSE,FALSE,TRUE
"TXN_5842704","CUST_01","Patisserie",NA,NA,6,30,"Cash","Online",2023-09-30,FALSE,FALSE,FALSE,TRUE
"TXN_4718422","CUST_04","Milk Products",NA,NA,1,20,"Cash","Online",2023-05-26,NA,FALSE,FALSE,TRUE
"TXN_2205066","CUST_11","Food",NA,NA,2,25,"Digital Wallet","In-store",2024-06-23,TRUE,FALSE,FALSE,TRUE
"TXN_3631452","CUST_12","Patisserie",NA,NA,7,203,"Digital Wallet","Online",2024-04-15,TRUE,FALSE,FALSE,TRUE
"TXN_2809812","CUST_15","Furniture",NA,NA,9,234,"Credit Card","In-store",2022-09-01,TRUE,FALSE,FALSE,TRUE
"TXN_1207984","CUST_17","Food",NA,NA,6,174,"Credit Card","In-store",2022-05-10,NA,FALSE,FALSE,TRUE
"TXN_8414334","CUST_23","Furniture",NA,NA,8,112,"Digital Wallet","Online",2024-11-27,TRUE,FALSE,FALSE,TRUE
"TXN_5541676","CUST_17","Beverages",NA,NA,9,153,"Digital Wallet","Online",2024-03-20,FALSE,FALSE,FALSE,TRUE
"TXN_5324237","CUST_19","Milk Products",NA,NA,9,288,"Credit Card","Online",2023-11-09,FALSE,FALSE,FALSE,TRUE
"TXN_3947387","CUST_17","Computers and electric accessories",NA,NA,7,66.5,"Digital Wallet","Online",2023-12-13,FALSE,FALSE,FALSE,TRUE
"TXN_9675839","CUST_09","Patisserie",NA,NA,2,31,"Credit Card","In-store",2023-04-07,FALSE,FALSE,FALSE,TRUE
"TXN_5769114","CUST_21","Milk Products",NA,NA,7,98,"Digital Wallet","In-store",2023-09-20,TRUE,FALSE,FALSE,TRUE
"TXN_3907047","CUST_19","Beverages",NA,NA,2,64,"Cash","Online",2022-01-27,TRUE,FALSE,FALSE,TRUE
"TXN_8917078","CUST_18","Computers and electric accessories",NA,NA,8,268,"Credit Card","Online",2022-10-15,FALSE,FALSE,FALSE,TRUE
"TXN_9478901","CUST_11","Patisserie",NA,NA,7,150.5,"Digital Wallet","In-store",2022-09-23,TRUE,FALSE,FALSE,TRUE
"TXN_5200691","CUST_16","Food",NA,NA,9,153,"Credit Card","In-store",2022-07-18,FALSE,FALSE,FALSE,TRUE
"TXN_5444047","CUST_21","Milk Products",NA,NA,3,96,"Credit Card","Online",2022-01-12,FALSE,FALSE,FALSE,TRUE
"TXN_7191353","CUST_08","Beverages",NA,NA,10,290,"Digital Wallet","In-store",2024-01-19,FALSE,FALSE,FALSE,TRUE
"TXN_8685497","CUST_13","Electric household essentials",NA,NA,8,304,"Credit Card","In-store",2022-08-22,FALSE,FALSE,FALSE,TRUE
"TXN_5456972","CUST_16","Electric household essentials",NA,NA,2,82,"Cash","In-store",2023-11-05,TRUE,FALSE,FALSE,TRUE
"TXN_9811351","CUST_07","Electric household essentials",NA,NA,6,39,"Digital Wallet","In-store",2023-05-22,FALSE,FALSE,FALSE,TRUE
"TXN_9576872","CUST_01","Computers and electric accessories",NA,NA,3,64.5,"Cash","In-store",2022-11-15,TRUE,FALSE,FALSE,TRUE
"TXN_9719161","CUST_21","Computers and electric accessories",NA,NA,8,304,"Cash","In-store",2024-09-11,NA,FALSE,FALSE,TRUE
"TXN_6629897","CUST_11","Beverages",NA,NA,7,213.5,"Credit Card","In-store",2024-03-05,TRUE,FALSE,FALSE,TRUE
"TXN_4786582","CUST_16","Electric household essentials",NA,NA,1,33.5,"Credit Card","Online",2023-12-18,NA,FALSE,FALSE,TRUE
"TXN_3846417","CUST_17","Beverages",NA,NA,2,34,"Cash","In-store",2024-03-30,TRUE,FALSE,FALSE,TRUE
"TXN_8830578","CUST_18","Electric household essentials",NA,NA,9,112.5,"Cash","Online",2023-04-17,FALSE,FALSE,FALSE,TRUE
"TXN_5635056","CUST_04","Computers and electric accessories",NA,NA,6,102,"Cash","Online",2023-04-24,TRUE,FALSE,FALSE,TRUE
"TXN_1046262","CUST_14","Milk Products",NA,NA,5,70,"Cash","In-store",2022-11-19,FALSE,FALSE,FALSE,TRUE
"TXN_4770477","CUST_24","Electric household essentials",NA,NA,7,87.5,"Digital Wallet","Online",2022-04-10,NA,FALSE,FALSE,TRUE
"TXN_9966592","CUST_13","Furniture",NA,NA,7,234.5,"Cash","In-store",2022-05-17,NA,FALSE,FALSE,TRUE
"TXN_4654556","CUST_20","Furniture",NA,NA,9,342,"Cash","Online",2023-04-27,NA,FALSE,FALSE,TRUE
"TXN_4279707","CUST_19","Furniture",NA,NA,2,13,"Cash","Online",2022-03-03,TRUE,FALSE,FALSE,TRUE
"TXN_3798658","CUST_25","Beverages",NA,NA,9,369,"Cash","Online",2024-02-24,NA,FALSE,FALSE,TRUE
"TXN_8616642","CUST_20","Milk Products",NA,NA,4,146,"Digital Wallet","Online",2023-11-06,FALSE,FALSE,FALSE,TRUE
"TXN_1595090","CUST_19","Patisserie",NA,NA,6,246,"Cash","Online",2024-07-11,NA,FALSE,FALSE,TRUE
"TXN_2032489","CUST_14","Butchers",NA,NA,8,304,"Cash","Online",2023-09-24,TRUE,FALSE,FALSE,TRUE
"TXN_3192013","CUST_01","Beverages",NA,NA,9,315,"Cash","In-store",2022-02-13,TRUE,FALSE,FALSE,TRUE
"TXN_9404791","CUST_05","Electric household essentials",NA,NA,9,369,"Cash","In-store",2023-08-31,NA,FALSE,FALSE,TRUE
"TXN_9815869","CUST_17","Electric household essentials",NA,NA,9,180,"Credit Card","In-store",2022-06-25,NA,FALSE,FALSE,TRUE
"TXN_6442349","CUST_17","Milk Products",NA,NA,5,137.5,"Credit Card","In-store",2025-01-01,NA,FALSE,FALSE,TRUE
"TXN_8438783","CUST_04","Electric household essentials",NA,NA,7,234.5,"Digital Wallet","Online",2022-02-04,NA,FALSE,FALSE,TRUE
"TXN_2065846","CUST_19","Milk Products",NA,NA,1,32,"Credit Card","Online",2024-02-12,TRUE,FALSE,FALSE,TRUE
"TXN_5943276","CUST_02","Food",NA,NA,2,82,"Credit Card","Online",2023-07-25,TRUE,FALSE,FALSE,TRUE
"TXN_3969761","CUST_03","Milk Products",NA,NA,1,32,"Digital Wallet","Online",2022-10-02,NA,FALSE,FALSE,TRUE
"TXN_7107634","CUST_24","Milk Products",NA,NA,3,114,"Digital Wallet","Online",2022-05-16,FALSE,FALSE,FALSE,TRUE
"TXN_2444942","CUST_09","Patisserie",NA,NA,8,112,"Digital Wallet","Online",2023-05-02,FALSE,FALSE,FALSE,TRUE
"TXN_2892369","CUST_03","Beverages",NA,NA,8,280,"Credit Card","In-store",2023-06-10,FALSE,FALSE,FALSE,TRUE
"TXN_9502131","CUST_12","Beverages",NA,NA,3,15,"Credit Card","Online",2023-07-19,TRUE,FALSE,FALSE,TRUE
"TXN_5259819","CUST_19","Patisserie",NA,NA,5,32.5,"Credit Card","In-store",2022-02-18,NA,FALSE,FALSE,TRUE
"TXN_2143826","CUST_05","Milk Products",NA,NA,5,160,"Credit Card","In-store",2024-08-14,FALSE,FALSE,FALSE,TRUE
"TXN_7177193","CUST_09","Patisserie",NA,NA,7,161,"Digital Wallet","Online",2023-04-02,NA,FALSE,FALSE,TRUE
"TXN_6058330","CUST_08","Patisserie",NA,NA,8,196,"Digital Wallet","Online",2022-05-24,TRUE,FALSE,FALSE,TRUE
"TXN_4995249","CUST_14","Milk Products",NA,NA,3,28.5,"Digital Wallet","Online",2022-07-28,NA,FALSE,FALSE,TRUE
"TXN_5618781","CUST_09","Milk Products",NA,NA,5,55,"Digital Wallet","In-store",2022-11-04,NA,FALSE,FALSE,TRUE
"TXN_9958675","CUST_24","Electric household essentials",NA,NA,6,120,"Cash","In-store",2024-02-27,NA,FALSE,FALSE,TRUE
"TXN_5657839","CUST_24","Furniture",NA,NA,5,197.5,"Credit Card","Online",2024-04-01,NA,FALSE,FALSE,TRUE
"TXN_8362813","CUST_20","Beverages",NA,NA,5,160,"Cash","Online",2022-08-22,NA,FALSE,FALSE,TRUE
"TXN_1071762","CUST_19","Beverages",NA,NA,3,28.5,"Cash","In-store",2024-10-31,NA,FALSE,FALSE,TRUE
"TXN_7714982","CUST_20","Butchers",NA,NA,4,98,"Credit Card","Online",2024-06-17,TRUE,FALSE,FALSE,TRUE
"TXN_9266601","CUST_12","Food",NA,NA,7,45.5,"Digital Wallet","Online",2024-04-30,TRUE,FALSE,FALSE,TRUE
"TXN_3871513","CUST_15","Patisserie",NA,NA,8,160,"Digital Wallet","Online",2024-07-12,TRUE,FALSE,FALSE,TRUE
"TXN_3763280","CUST_20","Beverages",NA,NA,1,9.5,"Credit Card","In-store",2024-12-20,FALSE,FALSE,FALSE,TRUE
"TXN_7798925","CUST_08","Beverages",NA,NA,9,220.5,"Cash","In-store",2023-03-21,FALSE,FALSE,FALSE,TRUE
"TXN_7062557","CUST_03","Furniture",NA,NA,5,32.5,"Credit Card","Online",2023-02-03,NA,FALSE,FALSE,TRUE
"TXN_4145243","CUST_08","Patisserie",NA,NA,10,185,"Cash","Online",2024-12-08,NA,FALSE,FALSE,TRUE
"TXN_6198629","CUST_15","Computers and electric accessories",NA,NA,2,28,"Digital Wallet","Online",2023-10-05,NA,FALSE,FALSE,TRUE
"TXN_7745199","CUST_13","Furniture",NA,NA,9,342,"Digital Wallet","In-store",2022-03-17,NA,FALSE,FALSE,TRUE
"TXN_8951116","CUST_07","Electric household essentials",NA,NA,4,50,"Credit Card","Online",2023-01-23,NA,FALSE,FALSE,TRUE
"TXN_4297692","CUST_15","Furniture",NA,NA,6,39,"Digital Wallet","Online",2023-06-29,NA,FALSE,FALSE,TRUE
"TXN_3760030","CUST_05","Food",NA,NA,2,22,"Cash","Online",2023-11-24,FALSE,FALSE,FALSE,TRUE
"TXN_6506416","CUST_02","Furniture",NA,NA,5,122.5,"Cash","In-store",2024-07-24,TRUE,FALSE,FALSE,TRUE
"TXN_1201215","CUST_13","Computers and electric accessories",NA,NA,6,93,"Cash","Online",2022-10-03,TRUE,FALSE,FALSE,TRUE
"TXN_8227236","CUST_07","Milk Products",NA,NA,4,62,"Digital Wallet","Online",2024-05-12,TRUE,FALSE,FALSE,TRUE
"TXN_4457696","CUST_22","Butchers",NA,NA,10,215,"Credit Card","In-store",2022-12-04,TRUE,FALSE,FALSE,TRUE
"TXN_2556431","CUST_04","Beverages",NA,NA,7,98,"Cash","Online",2024-02-04,FALSE,FALSE,FALSE,TRUE
"TXN_5495445","CUST_21","Butchers",NA,NA,7,35,"Cash","Online",2023-09-18,NA,FALSE,FALSE,TRUE
"TXN_9113838","CUST_24","Food",NA,NA,8,40,"Credit Card","In-store",2023-06-30,TRUE,FALSE,FALSE,TRUE
"TXN_7671253","CUST_12","Electric household essentials",NA,NA,3,69,"Credit Card","Online",2022-10-14,TRUE,FALSE,FALSE,TRUE
"TXN_3525275","CUST_21","Food",NA,NA,1,20,"Digital Wallet","Online",2024-03-16,FALSE,FALSE,FALSE,TRUE
"TXN_3708702","CUST_11","Beverages",NA,NA,4,20,"Credit Card","Online",2022-08-24,FALSE,FALSE,FALSE,TRUE
"TXN_6292699","CUST_18","Computers and electric accessories",NA,NA,8,244,"Credit Card","In-store",2025-01-14,NA,FALSE,FALSE,TRUE
"TXN_5105838","CUST_17","Electric household essentials",NA,NA,3,123,"Digital Wallet","Online",2024-05-24,TRUE,FALSE,FALSE,TRUE
"TXN_2634754","CUST_07","Electric household essentials",NA,NA,3,78,"Cash","Online",2022-05-15,TRUE,FALSE,FALSE,TRUE
"TXN_4266749","CUST_11","Furniture",NA,NA,7,266,"Cash","In-store",2022-08-10,TRUE,FALSE,FALSE,TRUE
"TXN_7014462","CUST_24","Patisserie",NA,NA,2,37,"Credit Card","Online",2024-11-29,FALSE,FALSE,FALSE,TRUE
"TXN_5147764","CUST_01","Furniture",NA,NA,5,32.5,"Credit Card","Online",2023-09-06,TRUE,FALSE,FALSE,TRUE
"TXN_1352194","CUST_17","Electric household essentials",NA,NA,4,86,"Credit Card","Online",2023-02-26,NA,FALSE,FALSE,TRUE
"TXN_5625684","CUST_22","Computers and electric accessories",NA,NA,4,80,"Cash","In-store",2022-11-09,TRUE,FALSE,FALSE,TRUE
"TXN_7894525","CUST_23","Butchers",NA,NA,1,26,"Credit Card","Online",2023-01-31,TRUE,FALSE,FALSE,TRUE
"TXN_5715500","CUST_17","Food",NA,NA,3,100.5,"Digital Wallet","Online",2024-06-05,FALSE,FALSE,FALSE,TRUE
